{
  "version": "1.0",
  "defaultProvider": "cdnjs",
  "libraries": [
    {
      "library": "vue-select@3.10.8",
      "destination": "wwwroot/lib/vue-select/"
    },
    {
      "library": "axios@0.21.0",
      "destination": "wwwroot/lib/axios/"
    },
    {
      "library": "datatables.net-bs4@1.10.22",
      "destination": "wwwroot/lib/datatables.net-bs4/"
    },
    {
      "library": "datatables.net@1.10.22",
      "destination": "wwwroot/lib/datatables.net/"
    },
    {
      "library": "vue@2.5.16",
      "destination": "wwwroot/lib/vue/"
    },
    {
      "library": "moment.js@2.29.1",
      "destination": "wwwroot/lib/moment.js/"
    },
    {
      "library": "noty@3.1.4",
      "destination": "wwwroot/lib/noty/"
    }
    
  ]
}